Feature,SHAP_Importance
OverTime,0.04969578440393569
StockOptionLevel,0.02793436201668893
MonthlyIncome,0.024097173401625465
Age,0.02009987559507228
TotalWorkingYears,0.016944082638702902
JobLevel,0.01652666879491848
DistanceFromHome,0.01582826979401213
EnvironmentSatisfaction,0.01498658166637147
NumCompaniesWorked,0.01431991687266396
YearsAtCompany,0.014195491146746812
